sam-url,opportunity_id,filename,filetype,local_path,detected_doc_type,summary,model,run_id
https://sam.gov/workspace/contract/opp/f996796de3364c118073ba8662ca1efa/view,f996796de3364c118073ba8662ca1efa,PWS -- CLMRS SCM-ERP Services Acqusition 2025 -- DRAFT.pdf,pdf,f996796de3364c118073ba8662ca1efa/PWS -- CLMRS SCM-ERP Services Acqusition 2025 -- DRAFT.pdf,,,gemini-flash-lite-latest,20251105-045210
https://sam.gov/workspace/contract/opp/f996796de3364c118073ba8662ca1efa/view,f996796de3364c118073ba8662ca1efa,PWS -- CLMRS SCM-ERP Services Acqusition 2025 -- DRAFT_2.pdf,pdf,f996796de3364c118073ba8662ca1efa/PWS -- CLMRS SCM-ERP Services Acqusition 2025 -- DRAFT_2.pdf,,,gemini-flash-lite-latest,20251105-045210
https://sam.gov/workspace/contract/opp/f996796de3364c118073ba8662ca1efa/view,f996796de3364c118073ba8662ca1efa,PWS -- CLMRS SCM-ERP Services Acqusition 2025 -- DRAFT_1.pdf,pdf,f996796de3364c118073ba8662ca1efa/PWS -- CLMRS SCM-ERP Services Acqusition 2025 -- DRAFT_1.pdf,,,gemini-flash-lite-latest,20251105-045210
https://sam.gov/workspace/contract/opp/05f299e871dc4822a797387ff9d1c1d2/view,05f299e871dc4822a797387ff9d1c1d2,Attachment 0001-SCOPE OF WORK.pdf,pdf,05f299e871dc4822a797387ff9d1c1d2/Attachment 0001-SCOPE OF WORK.pdf,Statement of Work (SOW) / Performance Work Statement (PWS),"Detected Document Type: Statement of Work (SOW) / Performance Work Statement (PWS)

**Objective:**
The objective is to procure Calibration and Preventive Maintenance (PM) services, including repair support, for four specific Tinius Olsen testing machines located at the RIA-JMTC Materials Science Laboratory in Rock Island, IL, for a period of one year.

**Tasks / Deliverables:**
*   Provide Calibration and PM services for four specific Tinius Olsen machines:
    *   Two Charpy Impact Testers (Metal Impact 84, Ser. No. 164955; Metal Impact 74, Ser. No. 127945).
    *   One FH-10 Hardness Tester (Ser. No. FH10001800275).
    *   One FH-11 Hardness Tester (Ser. No. FH1102140100).
*   Conduct one annual, scheduled, on-site visit for Calibration and PM services for all four machines.
*   Provide unlimited phone support during normal business hours (response within 2 business hours).
*   Provide unlimited emergency on-site support (response on-site within 2 business days), including parts and all time/travel costs.
*   Upon completion of work, forward a Service Report within 7 business days to the COR/Performance Certifier.

**Performance Standards:**
*   Calibrations must be conducted by an ISO/IEC: 17025 Accredited Activity or equivalent, adhering to ISO standards for both Impact Testers and Hardness Testers.
*   All calibration, PM, or Repair work must be performed by factory-certified representatives.
*   Services and installed parts must carry a standard commercial warranty.
*   Emergency response must be on-site within 2 business days.

**Schedule or Period of Performance:**
*   Period of Performance: One Year.
*   Scheduled calibration and PM services will occur during normal business days (Monday to Friday, excluding holidays), 7 am to 3 pm, unless otherwise agreed upon.

**Place of Performance:**
*   RIA-JMTC Materials Science Division, Bldg. 210, Rock Island, IL.

**Special Requirements:**
*   **Accreditation:** Contractor must be accredited to ISO/IEC 17025 or equivalent.
*   **Exclusions:** Purchase of ""Wear Parts"" (e.g., anvils, strikers) is *not* covered, though installation of purchased wear parts is covered. Damage resulting from fire, explosion, misuse, unauthorized repair, or contamination is excluded.
*   **Reporting:** Invoicing must be in iRAPT (WAWF). Contractor Manpower Reporting (CMR) is required via https://cmra.army.mil.
*   **Security/Access:** Contractor personnel are subject to RIA-JMTC OPSEC requirements, including AT Level I Training, background checks for installation access, and iWATCH training.
*   **IT Security:** Technicians must be escorted by RIA-JMTC IT Support Staff. USB Flash media is prohibited; programs must run from CDs or DVDs. Vendor devices cannot connect to the RIA-JMTC network or operational equipment.",gemini-flash-lite-latest,20251105-045210
https://sam.gov/workspace/contract/opp/05f299e871dc4822a797387ff9d1c1d2/view,05f299e871dc4822a797387ff9d1c1d2,Sources Sought Tinius Olsen Testing Equipment_1.pdf,pdf,05f299e871dc4822a797387ff9d1c1d2/Sources Sought Tinius Olsen Testing Equipment_1.pdf,Other (Sources Sought Notice),"Detected Document Type: Other (Sources Sought Notice)

**Document Description:**
This document is a Sources Sought Notice issued by the U.S. Army Contracting Command-Rock Island (ACC-RI) to identify potential qualified sources for future procurement actions. It is **not** a solicitation, Request for Quote (RFQ), or an obligation to award a contract.

**Main Content:**
The purpose is to gather market information for developing an acquisition strategy for Instrument Calibration and Preventative Maintenance Services/Repair for four (4) Tinius Olsen testing machines located at the RIA-JMTC Materials Science Lab at Rock Island Arsenal.

**Relevance to Offerors:**
Interested vendors must submit a capability statement by the deadline to inform the Government's future acquisition approach.

**Key Information for Capability Statement Submission:**

*   **Product Service Code (PSC):** J049
*   **NAICS Code:** 334519
*   **Submission Deadline:** 12:00 P.M. CST on November 11, 2025
*   **Submission Method:** Email to angel.j.traman.civ@army.mil

**Required Capability Statement Content (Based on Draft SOW Attachment 0001):**

1.  Vendor’s Size Standard, DUNS Number, EUI, and Cage Code.
2.  Accreditation status (must be accredited in ISO/IEC 17025 or equivalent ISO standards).
3.  Confirmation that qualified personnel will be factory certified representatives.
4.  Confirmation that personnel provide unlimited phone support.
5.  Confirmation that personnel can provide unlimited emergency on-site support within 2 business days.",gemini-flash-lite-latest,20251105-045210
https://sam.gov/workspace/contract/opp/05f299e871dc4822a797387ff9d1c1d2/view,05f299e871dc4822a797387ff9d1c1d2,Attachment 0001-SCOPE OF WORK_1.pdf,pdf,05f299e871dc4822a797387ff9d1c1d2/Attachment 0001-SCOPE OF WORK_1.pdf,Other (Sources Sought Notice),"Detected Document Type: Other (Sources Sought Notice)

**Document Description:**
This document is a Sources Sought Notice, not a formal solicitation, issued by the U.S. Army Contracting Command-Rock Island (ACC-RI) to gauge interest and capability for future procurement.

**Main Content:**
The government is seeking information on potential sources capable of providing Instrument Calibration and Preventative Maintenance Services/Repair for four (4) Tinius Olsen machines located at the RIA-JMTC Materials Science Lab at Rock Island Arsenal.

**Relevance to Opportunity:**
This notice is used for planning purposes to develop the final acquisition strategy. Interested vendors must submit capability statements to inform the future solicitation.

**Key Information for Potential Sources:**

*   **Requirement Focus:** Calibration, Preventative Maintenance, and Repair services for four (4) Tinius Olsen instruments.
*   **NAICS Code:** 334519
*   **Product Service Code:** J049
*   **Submission Deadline:** 12:00 P.M. CST on November 11, 2025.
*   **Submission Email:** angel.j.traman.civ@army.mil

**Required Capability Statement Content:**
Vendors must provide a capability statement addressing the following points, supported by documentation referencing the DRAFT Statement of Work (Attachment 0001):

1.  Vendor’s Size Standard, DUNS Number, EUI, and Cage Code.
2.  Accreditation in ISO/IEC 17025 or equivalent ISO standards.
3.  Assurance that work will be performed by factory-certified representatives.
4.  Commitment to provide unlimited phone support.
5.  Commitment to provide unlimited emergency on-site support within 2 business days.",gemini-flash-lite-latest,20251105-045210
https://sam.gov/workspace/contract/opp/05f299e871dc4822a797387ff9d1c1d2/view,05f299e871dc4822a797387ff9d1c1d2,Sources Sought Tinius Olsen Testing Equipment.pdf,pdf,05f299e871dc4822a797387ff9d1c1d2/Sources Sought Tinius Olsen Testing Equipment.pdf,Statement of Work (SOW) / Performance Work Statement (PWS),"Detected Document Type: Statement of Work (SOW) / Performance Work Statement (PWS)

**Objective:**
To provide Calibration, Preventive Maintenance (PM), and Repair Services for four (4) Tinius Olsen Testing Equipment units located at the RIA-JMTC Materials Science Laboratory in Rock Island, IL, for a period of one year.

**Tasks / Deliverables:**
*   **Equipment Serviced:**
    *   Two (2) Charpy Impact Testers (Metal Impact 84, Ser. No. 164955, 300 ft-lb; Metal Impact 74, Ser. No. 127945, 264 ft-lb).
    *   One (1) FH-10 Hardness Tester (Ser. No. FH10001800275, Load Cell: 200gf – 1000kgf).
    *   One (1) FH-11 Hardness Tester (Ser. No. FH1102140100, Load Cell: 10kgf – 3000kgf).
*   **Scheduled Service:** One annual, scheduled, on-site visit for Calibration and PM services for all four machines.
*   **Calibration:** Must be conducted by an ISO/IEC: 17025 Accredited Activity (or equivalent) to standard ISO standards. Necessary calibration standards are included.
*   **Preventive Maintenance (PM):** Routine maintenance on all four testers.
*   **Support:** Unlimited phone support (2-hour response) and unlimited emergency on-site support (2-business day response), including parts, time, and travel at no extra charge (referred to as ""Contractor Factory Service/Extended Warranty"").
*   **Reporting:** A Service Report must be forwarded to the COR/Performance Certifier within 7 business days of work completion.
*   **Invoicing:** Must be processed via iRAPT (WAWF).
*   **Manpower Reporting:** Contractor must report all labor hours via the Contractor Manpower Reporting (CMR) system at https://cmra.army.mil.

**Performance Standards:**
*   Services and installed parts must carry a standard commercial warranty and conform to industrial standards.
*   All calibration, PM, or Repair work must be performed by factory certified representatives.
*   Scheduled services occur during normal business days (Mon-Fri, 7 am to 3 pm) unless otherwise agreed upon.

**Schedule or Period of Performance:**
*   Period of Performance: One Year.

**Place of Performance:**
*   RIA-JMTC Materials Science Division, Bldg. 210, Rock Island, IL.

**Special Requirements:**
*   **Exclusions:** Purchase of ""Wear Parts"" (e.g., anvils, strikers) is *not* covered, though installation of purchased wear parts *is* covered. Damage from fire, explosion, misuse, unauthorized repair, or contamination is excluded.
*   **Security/Access:** Contractor personnel are subject to RIA-JMTC OPSEC Requirements, including AT Level I Training (within 60 days of start) and background checks for installation access (potentially requiring a favorable NACI for CAC issuance).
*   **IT Security:** Technicians must be escorted by RIA-JMTC IT Support Staff. USB Flash media/drives are prohibited. Vendor devices cannot connect to the RIA-JMTC network or operational equipment. Software must run from CDs or DVDs.",gemini-flash-lite-latest,20251105-045210
https://sam.gov/workspace/contract/opp/f996796de3364c118073ba8662ca1efa/view,f996796de3364c118073ba8662ca1efa,PWS -- CLMRS SCM-ERP Services Acqusition 2025 -- DRAFT_3.pdf,pdf,f996796de3364c118073ba8662ca1efa/PWS -- CLMRS SCM-ERP Services Acqusition 2025 -- DRAFT_3.pdf,Statement of Work (SOW) / Performance Work Statement (PWS),"Detected Document Type: Statement of Work (SOW) / Performance Work Statement (PWS)

### Objective
The objective of this Performance Work Statement (PWS) is to procure expert services for the U.S. DOT FAA Configuration Logistics Maintenance Resource Solutions (CLMRS) SCM-ERP Solution. The services must support the existing IFS ERP system (currently upgrading from IFS Apps 10 to IFS vCloud) to maintain data integrity for NAS logistics and inventory management ($735M value, 200k parts annually).

### Tasks / Deliverables
The contractor shall provide expert services across the following areas via Task Orders (TOs):
*   **IFS Optimization:** Deliver outcomes supporting IFS optimization *without* source code modification (no customizations).
*   **Program Management:** Develop and maintain a Program Management Plan (PMP) and provide active participation in all reviews and reporting.
*   **Software Implementation Support:** Provide technical and functional IFS expertise, advise on installation/configuration, training, custom development advice, and support across all implementation phases (prototypes, testing, go-live, sustainment).
*   **Financial Support:** Provide IFS financial automation support, process improvement, and manage posting controls within IFS.
*   **Deliverables:** Program Management Plan (PMP) due 30 days After Contract Award (ACA). Monthly Project Activity Reports required, including cost/schedule status and an updated MS Project Gantt Chart Work Plan.

### Performance Standards
*   **Quality Management:** Establish a quality system described in the PMP, subject to frequent verification via stakeholder interviews by FAA PMs.
*   **Vulnerability Remediation:** Adhere to FAA 1370.121B (Information Security). Critical vulnerabilities must be remediated within 7 days.
*   **Accessibility:** Comply with Section 508 accessibility standards (36 CFR Part 1194).
*   **Flexibility:** Must demonstrate flexibility for rapid response to high-priority Task Orders.

### Schedule or Period of Performance
*   **Period of Performance:** One (1) base year plus four (4) option years (total 5 years).
*   **Reviews:** Quarterly Program Management Reviews (PMRs) and Business Management Reviews (BMRs) required, starting 90 days ACA.
*   **Reporting:** Monthly Project Activity Reports due 30 days ACA and monthly thereafter.

### Place of Performance
*   Primary location expected at MMAC, Oklahoma City, OK, with potential transition to fully remote/hybrid work.
*   Normal hours are 6:00 AM – 6:00 PM, Monday through Friday.

### Special Requirements
*   **Personnel:** Must provide continuity of technical and business process expertise on IFS. Specific roles (e.g., Senior Product Specialist, Developer) require significant prior experience with IFS ERP. Developers must be CONUS based.
*   **Security & Compliance:** Adherence to FAA security protocols, including facility access, screenings, and data access. Personnel may require Non-Disclosure Agreements (NDAs).
*   **Government Property:** Contractor is responsible for safeguarding issued property, including keys and ID cards; duplication is prohibited.
*   **Travel:** Required as needed, subject to advanced authorization from the COR/CO, with reimbursement adhering to GSA/FAA Travel Policy rates.",gemini-flash-lite-latest,20251105-045210
https://sam.gov/workspace/contract/opp/bbb459c5726348fda8e970e2b2856543/view,bbb459c5726348fda8e970e2b2856543,36C24926Q0031 0002_1.pdf,pdf,bbb459c5726348fda8e970e2b2856543/36C24926Q0031 0002_1.pdf,Amendment / Modification Notice,"Detected Document Type: Amendment / Modification Notice

**Amendment Number:** 0002 (Relates to Solicitation 36C24926Q0031)

**Summary of Changes:**
This document serves as an amendment to the solicitation to provide answers to vendor questions (Q&A) and extend the deadline for offer receipt.

*   **Offer Due Date Extended:** The hour and date for receipt of Offers is extended to **November 5, 2025, 10:00 AM CST**.
*   **Submission Instructions:** Quotes are due by 10:00 AM CT November 5, 2025, to Elyse.McVey@va.gov.
*   **Period of Performance:** The start date is dependent on the contract award date, which will be as soon after the 11/5/2025 due date as possible and agreed upon.
*   **Key Q&A Clarifications:**
    *   Total fire extinguishers: 687.
    *   Servicing vs. Swapping: Servicing is the first option; new extinguishers will be swapped if required.
    *   Hydrostatic Testing: Can be performed by a subcontractor, even though the contractor must possess the facility.
    *   Inspections: Annual inspection is **still required** in addition to the 11 monthly inspections.
    *   Vehicle Extinguishers: Approximately 90 extinguishers are on vehicles at Nonconnah HPBC and Phelan sites. The COR will accompany the contractor to these two sites.
    *   Ansul Systems: Quarterly hood cleaning (inspecting/cleaning hoods, filters, traps, etc., and inspecting the suppression systems) is required for **eight (8)** Ansul systems. The cost should be included in one CLIN, billed monthly.
    *   Locations: The contract covers 5 buildings plus the Fisher House, including the main VAMC, Nonconnah HPBC, and Phelan Avenue VA Clinic.

**Effect on Proposal Requirements:**
Offerors must acknowledge receipt of this amendment. The proposal due date has been moved to November 5, 2025. Offerors must incorporate the clarifications provided in the Q&A section into their technical proposals and pricing structure (e.g., ensuring pricing covers 687 monthly inspections, annual inspections, and the quarterly cleaning/inspection of 8 Ansul systems).",gemini-flash-lite-latest,20251105-045210
https://sam.gov/workspace/contract/opp/bbb459c5726348fda8e970e2b2856543/view,bbb459c5726348fda8e970e2b2856543,36C24926Q0031_1.pdf,pdf,bbb459c5726348fda8e970e2b2856543/36C24926Q0031_1.pdf,Amendment / Modification Notice,"Detected Document Type: Amendment / Modification Notice

**Amendment Number:** Not explicitly numbered in the provided text, but it is an amendment to solicitation 36C24926Q0031.

**Summary of Changes:**
This document serves as a modification to the solicitation to provide answers to vendor questions and extend the due date.

*   **Offer Receipt Date Extended:** The hour and date specified for receipt of Offers is extended to **11-05-2025 10:00 AM CST**.
*   **Purpose:** To provide answers to questions asked by vendors.
*   **Quote Submission:** Quotes are due by 10:00 AM CT November 5, 2025, to Elyse.McVey@va.gov.
*   **Period of Performance Start Date:** The start date is dependent on the contract award date, following the 11/5/2025 due date.

**Effect on Proposal Requirements:**
The primary effect is the extension of the deadline. Offerors must acknowledge receipt of this amendment and ensure their revised or initial offers are received by the new deadline. The Q&A section provides critical clarifications that must be incorporated into the proposal pricing and technical approach.

---
**Key Clarifications from Q&A (Affecting Proposal Content):**

*   **Total Extinguishers:** 687 total extinguishers are present at the facility.
*   **Servicing vs. Swapping:** Servicing existing extinguishers is the first option; swapping for new ones is allowed if required.
*   **Hydrostatic Testing:** Subcontracting hydrostatic testing is permitted, even though the SOW requires the contractor to have their own facility.
*   **Inspections:** Monthly inspections are required (11 monthly inspections), and **Annual inspection is still required** (contrary to initial interpretation).
*   **Vehicle Extinguishers:** Approximately 90 extinguishers are on vehicles, located at Nonconnah HPBC and Phelan sites. The COR will accompany the contractor to these two sites.
*   **Ansul Systems (Hood Cleaning):** Quarterly cleaning is required for **8 Ansul systems** (not 10 or 11). This includes cleaning the hood, filters, and traps (""Both"").
*   **Pricing Structure:** The cost for the quarterly Ansul cleanings should be included in the main CLIN (CLIN 0001) and can be billed monthly in arrears, structured as 1 job instead of 11 months.
*   **Locations:** The contract covers 5 buildings plus the Fisher House, including the main VA Medical Center, Nonconnah HPBC, and Phelan Avenue VA Clinic.",gemini-flash-lite-latest,20251105-045210
https://sam.gov/workspace/contract/opp/bbb459c5726348fda8e970e2b2856543/view,bbb459c5726348fda8e970e2b2856543,36C24926Q0031 0002_2.pdf,pdf,bbb459c5726348fda8e970e2b2856543/36C24926Q0031 0002_2.pdf, Solicitation / RFP / RFQ,"**Detected Document Type:** Solicitation / RFP / RFQ

### Purpose & Scope:
This document is Solicitation No. 36C24926Q0031 issued by the Department of Veterans Affairs, Network Contracting Office 9. The requirement is for the monthly inspection, testing, and maintenance services for portable fire extinguishers located at the VAMC Memphis facilities and associated vehicles.

### Key Requirements:
*   **Scope of Work:** Monthly inspection, testing, and maintenance of portable fire extinguishers (Item 0001).
*   **Compliance Standards:** Must adhere strictly to the latest editions of NFPA 10 (Chapters 7 & 8), NFPA 96 (Chapter 11), and OSHA 1910.157(e)(2).
*   **Maintenance Details:** Includes thorough examination of mechanical parts, agent, and seals. Rechargeable extinguishers require tamper seal removal/reinstallation. Specific procedures for six-year maintenance (emptying stored-pressure extinguishers) and recharging after use are mandated.
*   **Hydrostatic Testing:** Contractor must possess its own facility, use trained personnel, and follow OSHA/NFPA 10. Testing must use water or non-compressible fluid (not air as the sole medium).
*   **Hood Cleaning:** Quarterly cleaning required for eleven (10) Ansul systems, with required NFPA 96 stickers/plates attached.
*   **Reporting:** Submit detailed reports of all maintenance/servicing to the Contracting Officer’s Representative (COR). All generated records become government property.
*   **Inspection/Barcoding:** Use the VAMC Memphis bar code system; COR updates daily.
*   **Security/Training:** Employees must check in daily, wear ID above the waist, and complete mandatory VA Privacy Training (VA20939 TMS) prior to starting work.
*   **Hours of Operation:** Services are performed Monday–Thursday, 7:30 am – 3:30 pm. Contractor must schedule inspections with Fire Safety.

### Contract Details:
*   **Contract Type:** Commercial Item Acquisition (incorporates FAR 52.212-1 and 52.212-4).
*   **Period of Performance (Base POP):** November 1, 2025, through September 30, 2026.
*   **Invoicing:** Monthly, in arrears, submitted electronically via FSC e-Invoicing.
*   **FAR Clauses:** Incorporates FAR 52.212-1, 52.212-4. FAR 52.212-3 and 52.212-5 are attached.
*   **Order of Precedence (Highest to Lowest):** Schedule of supplies/services, key clauses (Assignments, Disputes, Payments), FAR 52.212-5, Addenda, Solicitation provisions, other paragraphs, SF 1449, other documents/attachments, Specification.

### Eligibility & Set-Aside:
*   **Acquisition Type:** Unrestricted.
*   **NAICS Code:** 811310.
*   **Size Standard:** \$12.5 Million NET.
*   **Subcontracting:** Contractor requires prior approval before engaging subcontractors that involve disclosing contract information/records.

### Submission & Evaluation:
*   **Evaluation Factors:** Price, Experience (relevancy, recency, magnitude, VA campus), and Past Performance (CPARS, reference checks).
*   **Proposal Submission:** Offers must be signed/dated, include solicitation number, technical description, pricing, and acknowledgment of amendments.
*   **Price Firmness:** Offerors must hold prices firm for **30 calendar days** from the receipt date.
*   **Representations/Certifications:** Offerors must complete required representations (e.g., business status, Buy American, Section 889 compliance) unless current annual SAM representations suffice.

### Important Dates:
*   **Questions Due:** No later than 2:00 pm CT on October 24, 2025.
*   **Offer Due Date/Time:** 10:00 am CDT on October 29, 2025.
*   **Contact:** Elyse ""Nicole"" McVey at Elyse.McVey@va.gov.
*   **Place of Performance:** Lt. Col. Luke Weathers, Jr. VAMC, Memphis, TN.",gemini-flash-lite-latest,20251105-045210
https://sam.gov/workspace/contract/opp/bbb459c5726348fda8e970e2b2856543/view,bbb459c5726348fda8e970e2b2856543,36C24926Q0031_2.pdf,pdf,bbb459c5726348fda8e970e2b2856543/36C24926Q0031_2.pdf, Solicitation / RFP / RFQ,"**Detected Document Type:** Solicitation / RFP / RFQ

### Purpose & Scope:
This document is a solicitation (RFQ) issued by the Department of Veterans Affairs, Network Contracting Office 9, for the monthly inspection, testing, and maintenance of portable fire extinguishers located at VAMC Memphis facilities and associated vehicles. The requirement is for Contract Item (0001): Fire Extinguisher Inspection and Maintenance.

### Key Requirements:
*   **Scope of Work:** Monthly inspection, testing, and maintenance of portable fire extinguishers.
*   **Compliance Standards:** Must adhere strictly to the latest editions of NFPA 10 (Chapters 7 & 8), NFPA 96 (Chapter 11), and OSHA 1910.157(e)(2).
*   **Maintenance Tasks:** Includes thorough examination of mechanical parts, agent, and seals; removal/reinstallation of tamper seals on rechargeable units; six-year maintenance (emptying/recharging stored-pressure extinguishers using a halon closed recovery system); recharging after use; and hydrostatic testing (contractor must have own facility).
*   **Specialized Tasks:** Quarterly hood cleaning for eleven (10) Ansul systems, requiring attachment of NFPA 96 stickers/plates.
*   **Reporting/Inspection:** Use the VAMC Memphis bar code system. Documentation requires month, day, and year. COR runs a final report for contractor inspector certification. All maintenance records become government property upon contract completion.
*   **Staffing/Security:** Employees must check in daily, wear ID above the waist, and complete mandatory VA Privacy Training (VA20939 TMS) prior to work commencement.
*   **Hours of Operation:** Services are performed Monday–Thursday, 7:30 am – 3:30 pm. Contractor must schedule inspections with Fire Safety.

### Contract Details:
*   **Contract Type:** Not explicitly stated as firm-fixed-price, but implied by the nature of the service requirement. FAR 52.212-4 (Commercial Items) is incorporated.
*   **Period of Performance (Base POP):** November 1, 2025, through September 30, 2026.
*   **Place of Performance:** Lt. Col. Luke Weathers, Jr. VAMC, Memphis, TN.
*   **Invoicing:** Monthly, in arrears, submitted electronically via FSC e-Invoicing.

### Eligibility & Set-Aside:
*   **Acquisition Type:** Unrestricted.
*   **NAICS Code:** 811310.
*   **Size Standard:** \$12.5 Million NET.
*   **Subcontracting:** Contractor requires prior written approval before engaging subcontractors that involve disclosing contract information or records.

### Submission & Evaluation:
*   **Evaluation Factors:** Price, Experience (relevancy, recency, magnitude, and VA campus experience), and Past Performance (CPARS, reference checks).
*   **Proposal Content:** Must include solicitation number, offeror details, technical description, pricing, and acknowledgment of amendments. Prices must be held firm for **30 calendar days** from the receipt date.
*   **FAR Clauses:** Incorporates by reference FAR 52.212-1 and 52.212-4. FAR 52.212-3 and 52.212-5 are attached.
*   **Service Contract Act (SCA):** Wage Determination No.: 2015-4673, Revision No.: 29 (Last Revision: 07/08/2025). Applicable area includes counties in AR, MS, and TN. Minimum wage under EO 14026 is \$17.75/hour (or higher listed rate). Health & Welfare rate is \$5.09/hr for EO 13706 contracts.

### Important Dates:
*   **Deadline for Questions:** No later than 2:00 pm CT on October 24, 2025.
*   **Offer Due Date/Time:** October 29, 2025, at 10:00 am CDT.
*   **Contact:** Elyse ""Nicole"" McVey at Elyse.McVey@va.gov.",gemini-flash-lite-latest,20251105-045210
https://sam.gov/workspace/contract/opp/bbb459c5726348fda8e970e2b2856543/view,bbb459c5726348fda8e970e2b2856543,36C24926Q0031 0001_1.pdf,pdf,bbb459c5726348fda8e970e2b2856543/36C24926Q0031 0001_1.pdf,Amendment / Modification Notice,"Detected Document Type: Amendment / Modification Notice

**Amendment Number:** 0001

**Summary of Changes:**
This document is Amendment 0001 to Solicitation Number 36C24926Q0031.

*   **Purpose:** The modification is issued to provide answers to vendor questions (Q&A).
*   **Offer Due Date Extension:** The hour and date for receipt of Offers is **EXTENDED to: 11-05-2025 10:00 AM CST**.
*   **Submission Instructions:** Quotes are due by 10:00 AM CT November 5, 2025, to Elyse.McVey@va.gov.

**Effect on Proposal Requirements:**
The primary effect is the extension of the due date. The document also provides critical clarifications regarding the scope of work, which offerors must incorporate into their proposals:

*   **Total Extinguishers:** 687 total extinguishers are present at the facility.
*   **Servicing vs. Swapping:** Servicing existing extinguishers is the first option; however, the government will allow swapping out for new extinguishers if required.
*   **Hydrostatic Testing:** Subcontracting hydrostatic testing is permitted.
*   **Inspections:** Monthly inspections are required, and **Annual inspection is still required** (contrary to initial interpretation of the SOW).
*   **Vehicle Extinguishers:** Approximately 90 extinguishers are on vehicles, located at Nonconnah HPBC and Phelan sites. The COR will accompany the contractor to these two sites.
*   **Hood Cleaning:** Quarterly hood cleaning is required for **eight (8)** Ansul systems (both inspection/cleaning of hood/filters/traps and inspection of the suppression system are required).
*   **Pricing:** The price should be included as one CLIN, which can be billed monthly in arrears.
*   **Locations:** The contract covers 5 buildings plus the Fisher House, including the main VAMC, Nonconnah HPBC, and Phelan Avenue VA Clinic.

Except as provided herein, all other terms and conditions of the original solicitation remain unchanged.",gemini-flash-lite-latest,20251105-045210
https://sam.gov/workspace/contract/opp/bbb459c5726348fda8e970e2b2856543/view,bbb459c5726348fda8e970e2b2856543,36C24926Q0031.pdf,pdf,bbb459c5726348fda8e970e2b2856543/36C24926Q0031.pdf,Amendment / Modification Notice,"Detected Document Type: Amendment / Modification Notice

**Amendment Number:** 0002

**Summary of Changes:**
This modification serves two primary purposes:
1. To offer a site visit opportunity.
2. To extend the deadline for the receipt of offers (quotes).

**Effect on Proposal Requirements:**
*   **Offer Due Date Extended:** The hour and date for receipt of Offers is extended to **11-12-2025 at 10:00 AM CST**.
*   **Site Visit Scheduled:** A site visit is offered on **Thursday, November 6, 2025, at 2:00 PM CT**.
    *   **Location:** Meet at the main entrance of the hospital by the parking garage.
    *   **POC:** Chere Taylor, Chere.Taylor@va.gov or 901-498-4062.
*   **Submission Location:** Quotes are now due to Elyse.McVey@va.gov.

**General Information:**
*   This amendment relates to Solicitation Number **36C24926Q0031**.
*   All terms and conditions of the original solicitation remain unchanged except as explicitly modified herein.
*   Offerors must acknowledge receipt of this amendment.",gemini-flash-lite-latest,20251105-045210
https://sam.gov/workspace/contract/opp/bbb459c5726348fda8e970e2b2856543/view,bbb459c5726348fda8e970e2b2856543,36C24926Q0031 0002.pdf,pdf,bbb459c5726348fda8e970e2b2856543/36C24926Q0031 0002.pdf,Amendment / Modification Notice,"Detected Document Type: Amendment / Modification Notice

**Amendment Number:** 0002

**Summary of Changes:**
This modification serves two purposes: to offer a site visit and to extend the solicitation deadline.

*   **Solicitation Extension:** The hour and date for receipt of Offers is **EXTENDED** to: **11-12-2025 10:00 AM CST**.
*   **Site Visit Offered:** A site visit is scheduled for **Thursday, November 6, 2025 at 2:00 PM CT**.
    *   **Location:** Meet at the main entrance of the hospital by the parking garage.
    *   **POC:** Chere Taylor, Chere.Taylor@va.gov or 901-498-4062.

**Effect on Proposal Requirements:**
*   The deadline for submitting quotes is now November 12, 2025, at 10:00 AM CT, submitted to Elyse.McVey@va.gov.
*   Offerors who desire to change an already submitted offer based on this amendment must do so via letter or electronic communication referencing the solicitation and this amendment, and it must be received prior to the new opening hour and date.
*   Except as provided herein, all other terms and conditions of the original solicitation remain unchanged.",gemini-flash-lite-latest,20251105-045210
https://sam.gov/workspace/contract/opp/bbb459c5726348fda8e970e2b2856543/view,bbb459c5726348fda8e970e2b2856543,36C24926Q0031 0001.pdf,pdf,bbb459c5726348fda8e970e2b2856543/36C24926Q0031 0001.pdf,Amendment / Modification Notice,"Detected Document Type: Amendment / Modification Notice

**Amendment Number:** 0001

**Summary of Changes:**
This document serves as an amendment to solicitation 36C24926Q0031 and modifies the contract/order if applicable. The primary purposes are to offer a site visit and extend the solicitation deadline.

*   **Site Visit Offered:** Thursday, November 6, 2025, at 2:00 PM CT.
    *   **Location:** Main entrance of the hospital by the parking garage.
    *   **POC:** Chere Taylor, Chere.Taylor@va.gov or 901-498-4062.

**Effect on Proposal Requirements:**
*   **Receipt of Offers Extended:** The hour and date for receipt of offers is extended to **November 12, 2025, 10:00 AM CST**.
*   **Submission Location/Method:** Quotes are now due no later than 10:00 AM CT November 12, 2025, to Elyse.McVey@va.gov.
*   **General Terms:** Except as provided herein, all terms and conditions of the original solicitation remain unchanged. Offerors must acknowledge receipt of this amendment.",gemini-flash-lite-latest,20251105-045210
https://sam.gov/workspace/contract/opp/0202c6a52eba42dc8ce29e9958c2a2b1/view,0202c6a52eba42dc8ce29e9958c2a2b1,HT0038-25-S-C002 - Notice of Availability - Customer Care_ 04NOV25.docx,docx,0202c6a52eba42dc8ce29e9958c2a2b1/HT0038-25-S-C002 - Notice of Availability - Customer Care_ 04NOV25.docx,Solicitation / RFP / RFQ,"Detected Document Type: Solicitation / RFP / RFQ

**Purpose & Scope:**
This document is a Notice of Availability (NoA) for a Commercial Solutions Opening (CSO) under the authority of 10 U.S.C. § 4022, seeking prototype projects related to enhancing Customer Care activities for the Defense Health Agency (DHA) and the Military Health System (MHS). The goal is to rapidly develop and procure solutions to support the Customer Care Foundational Platform, which is currently not designed or established. Multiple awards are anticipated.

**Key Requirements:**
The core objective is to address the problem that current Customer Care capabilities often limit technology adoption velocity, despite high spending on change management. The Government hypothesizes that current high-touch practices are ineffective and expensive. Solutions must address fundamental prototype questions related to industry partners, customer definition, instrumentation, reducing reliance on legacy ITSM (e.g., tickets), and maximizing self-service.

*   **Areas of Interest Include:** Proactive, multi-discipline service management; embedding customer experience via design principles; insight-driven approaches; emerging neural technologies (ML, GenAI); Customer Care ""Operating Systems""; and maximizing User Self-Service.
*   **Mandatory Submission Criteria (for merit):** Solutions must demonstrate **Advancement** (improvement over status quo), **Learning** (addressing a hypothesis/question objectively), **Adjusting** (mechanisms for real-time adjustment without new funding), and **Solutions** (specific, measurable outcomes, not just levels of effort).

**Contract Details:**
*   **Authority:** Other Transaction Agreements (OTAs) under 10 U.S.C. § 4022 for prototype projects.
*   **Follow-on Potential:** Successful prototype projects may be selected for a follow-on production agreement or contract pursuant to 10 U.S.C. § 4022(f).
*   **Pricing:** Flexible pricing arrangements appropriate for the proposed solution will be utilized; payment for ""insights and successes"" rather than just labor is suggested as a potential model.

**Eligibility & Set-Aside:**
*   This CSO satisfies the requirement for competitive procedures under 10 U.S.C. § 4022(b)(2).
*   Unless specified otherwise in a Season Notice, there are no restrictions on who may submit a response.

**Submission & Evaluation:**
*   **Process:** The process is structured around ""Seasons,"" which group submissions for specific challenges. Solutions will be requested during individual seasons via **Season Notices**.
*   **Evaluation:** Merit will be the sole consideration. The process involves four phases: Prospecting, Assessing, Kickstarting, and Episodes (award).
*   **Cost:** The Government will not pay for costs associated with preparing materials to determine merit or awardability.
*   **Teaming:** The Government may share non-trade-secret information about submissions with other prospective partners to facilitate team solutions.

**Important Dates:**
*   **Response Dates:** Solutions will be requested during individual seasons, and each Season Notice will establish specific deadlines. Deadlines are expected to be significantly shorter than normal.
*   **Contact:** gabriela.y.hurte.civ@health.mil",gemini-flash-lite-latest,20251105-045210
https://sam.gov/workspace/contract/opp/b0ae192205034d9b904a4a6627d4a14b/view,b0ae192205034d9b904a4a6627d4a14b,CNATRA COMS N6134026R0002 Draft RFP_11.4.25_1.pdf,pdf,b0ae192205034d9b904a4a6627d4a14b/CNATRA COMS N6134026R0002 Draft RFP_11.4.25_1.pdf,Solicitation / RFP / RFQ,"Detected Document Type: Solicitation / RFP / RFQ

**Purpose & Scope:**
This document is a Draft Request for Proposal (RFP) for Contractor Operations and Maintenance Services (COMS) to be provided at five Naval Air Station (NAS) locations: Meridian, MS; Kingsville, TX; Corpus Christi, TX; Whiting Field, FL; and Pensacola, FL. The contract will be awarded under Solicitation No. N6134026R0002.

**Key Requirements:**
*   **Work Locations:** Five specified NAS locations.
*   **Technical Data:** Requirements are detailed in Section J, Exhibit A (DD Forms 1423/CDRLs). Inspection and acceptance of data require successful CDRL completion and execution of DD Form 250.
*   **IT Access:** Personnel requiring Navy IT access must submit SAAR DD Form 2875 and show proof of a current background investigation before access is granted. IA/Cyber Awareness training is mandatory.
*   **Excess Repair/Replacement:** If repair/replacement costs exceed \$35,000, the contract will be adjusted FFP for costs above that threshold. The contractor must submit an RRCR within five working days of diagnosis.
*   **Over and Above Work (OAWR):** Requires prior authorization from the COR to the Contracting Officer (CO).

**Contract Details:**
*   **Contract Type:** Prices for Contract Line Item Numbers (CLINs)/Tasks are Firm Fixed Price (FFP). The contract is subject to incremental funding (252.232-7007).
*   **Period of Performance (PoP):**
    *   Mobilization: 2 Months (09/01/26 – 10/31/26).
    *   LOT I (Base Year): 12 Months (11/01/26 - 10/31/27).
    *   LOTs II-V (Options): 12 Months each, extending performance through 10/31/31.
    *   The contract may be extended up to 6 months via FAR 52.217-8.
*   **DPAS Rating:** Rated Order under DPAS.
*   **Offer Acceptance Period:** Minimum of 60 calendar days.

**Eligibility & Set-Aside:**
*   No specific set-aside information was detailed in the provided excerpts, but standard FAR/DFARS clauses regarding business requirements (e.g., CAGE maintenance, Safeguarding Covered Defense Information) are incorporated.

**Submission & Evaluation:**
*   **Submission Deadline:** Offers are due by **10:00 AM local time, 05 Feb 2026**.
*   **Award Document:** Award will be made on SF 33, SF 26, or authorized written notice.
*   **Inspection/Acceptance:** All CLINs are inspected/accepted by the Government at Destination (FOB Destination). Constructive Acceptance occurs on the 60th day after delivery/performance if no formal action is taken.
*   **Protests:** Protests must be served on PCO Colin Kelly within one day of GAO filing.

**Important Dates:**
*   **Issuance Date:** 05 Jan 2026.
*   **Offer Due Date:** 05 Feb 2026, 10:00 AM local time.
*   **Contract Start (Mobilization):** 09/01/2026.

**Key Contacts:**
*   **Contracting Officer (CO) Contact:** Janet Lynn Weihrauch Fondriest (386-479-7514, janet.l.fondriest.civ@us.navy.mil).
*   **PCO (Protests):** Colin Kelly (407-380-6776).
*   **WAWF Acceptors:** Lisa Iannotti and Chester Pennell.",gemini-flash-lite-latest,20251105-045210
https://sam.gov/workspace/contract/opp/b0ae192205034d9b904a4a6627d4a14b/view,b0ae192205034d9b904a4a6627d4a14b,L-9_GFI Request and NDA Form_N6134026R0002_2.docx,docx,b0ae192205034d9b904a4a6627d4a14b/L-9_GFI Request and NDA Form_N6134026R0002_2.docx,Other (POC List),"Detected Document Type: Other (POC List)

**Document Description:**
This document, titled ""FTSS V POC List"" and dated as of October 25, 2022, provides contact information for various contractors associated with ""Lot 1 (Unrestricted).""

**Main Content:**
The document lists seven contractors who appear to hold existing contracts (indicated by contract numbers starting with N6134022D100X). For each contractor, the following details are provided:

*   **Contractor Name and Address**
*   **Cage Code and UEI**
*   **Contract Number** (e.g., N6134022D1001)
*   **Primary and Alternate Points of Contact (POCs)**, including names, titles, phone numbers, and email addresses.

**Contractors Listed:**

1.  CAE USA Incorporated
2.  BGI-Aero Simulation, Incorporated (ASI) Joint Venture, Limited Liability Company
3.  Valiant Global Defense Services, Incorporated
4.  Delaware Resource Group (DRG) of Oklahoma, Limited Liability Company
5.  Fidelity Technologies Corporation
6.  FlightSafety Defense Corporation
7.  LB&B Associates, Incorporated

**Relevance to Offerors:**
This list appears to identify incumbent or previously awarded contractors for ""Lot 1 (Unrestricted)"" under a related contract vehicle (FTSS V). This information is relevant for bidders seeking to understand the competitive landscape or identify potential subcontractors/partners who may have prior experience or existing relationships related to this requirement.",gemini-flash-lite-latest,20251105-045210
https://sam.gov/workspace/contract/opp/b0ae192205034d9b904a4a6627d4a14b/view,b0ae192205034d9b904a4a6627d4a14b,CNATRA COMS N6134026R0002 Draft RFP_11.4.25_2.pdf,pdf,b0ae192205034d9b904a4a6627d4a14b/CNATRA COMS N6134026R0002 Draft RFP_11.4.25_2.pdf,,,gemini-flash-lite-latest,20251105-045210
https://sam.gov/workspace/contract/opp/b0ae192205034d9b904a4a6627d4a14b/view,b0ae192205034d9b904a4a6627d4a14b,CNATRA COMS N6134026R0002 Draft RFP_11.4.25_3.pdf,pdf,b0ae192205034d9b904a4a6627d4a14b/CNATRA COMS N6134026R0002 Draft RFP_11.4.25_3.pdf,,,gemini-flash-lite-latest,20251105-045210
https://sam.gov/workspace/contract/opp/b0ae192205034d9b904a4a6627d4a14b/view,b0ae192205034d9b904a4a6627d4a14b,L-9_GFI Request and NDA Form_N6134026R0002_3.docx,docx,b0ae192205034d9b904a4a6627d4a14b/L-9_GFI Request and NDA Form_N6134026R0002_3.docx,,,gemini-flash-lite-latest,20251105-045210
https://sam.gov/workspace/contract/opp/b0ae192205034d9b904a4a6627d4a14b/view,b0ae192205034d9b904a4a6627d4a14b,CNATRA COMS N6134026R0002 Draft RFP_11.4.25.pdf,pdf,b0ae192205034d9b904a4a6627d4a14b/CNATRA COMS N6134026R0002 Draft RFP_11.4.25.pdf,,,gemini-flash-lite-latest,20251105-045210
https://sam.gov/workspace/contract/opp/b0ae192205034d9b904a4a6627d4a14b/view,b0ae192205034d9b904a4a6627d4a14b,FTSS V Lot 1 Awardees_POC List_4.15.2025_1.docx,docx,b0ae192205034d9b904a4a6627d4a14b/FTSS V Lot 1 Awardees_POC List_4.15.2025_1.docx,,,gemini-flash-lite-latest,20251105-045210
https://sam.gov/workspace/contract/opp/b0ae192205034d9b904a4a6627d4a14b/view,b0ae192205034d9b904a4a6627d4a14b,FTSS V Lot 1 Awardees_POC List_4.15.2025_3.docx,docx,b0ae192205034d9b904a4a6627d4a14b/FTSS V Lot 1 Awardees_POC List_4.15.2025_3.docx,,,gemini-flash-lite-latest,20251105-045210
https://sam.gov/workspace/contract/opp/b0ae192205034d9b904a4a6627d4a14b/view,b0ae192205034d9b904a4a6627d4a14b,FTSS V Lot 1 Awardees_POC List_4.15.2025_2.docx,docx,b0ae192205034d9b904a4a6627d4a14b/FTSS V Lot 1 Awardees_POC List_4.15.2025_2.docx,Other (Awardee/POC List),"Detected Document Type: Other (Awardee/POC List)

**Document Description:**
This document is a list of awardees and associated Points of Contact (POCs) for Lot 1 (Unrestricted) of the Flight Training Services Support (FTSS) V contract vehicle, as of October 25, 2022.

**Main Content:**
The document lists seven contractors who were awarded contracts under Lot 1, along with their contract numbers (N6134022DXXXX), addresses, Cage Codes, and UEI numbers. For each awardee, primary and secondary/alternate POCs are provided, including names, titles, phone numbers (office and cell, where available), and email addresses.

**Relevance to Offerors:**
This list identifies the specific contractors who have already been awarded Lot 1 of the FTSS V contract. This information is relevant for:
*   **Teaming/Subcontracting:** Potential bidders may use this list to identify prime contractors to partner with for future opportunities under this vehicle.
*   **Market Research:** It provides insight into the current awardee pool for this specific contract lot.

**Awardees Listed (Lot 1 - Unrestricted):**

*   **CAE USA Incorporated** (Contract N6134022D1001)
*   **BGI-Aero Simulation, Incorporated (ASI) Joint Venture, Limited Liability Company** (Contract N6134022D1002)
*   **Valiant Global Defense Services, Incorporated** (Contract N6134022D1003)
*   **Delaware Resource Group (DRG) of Oklahoma, Limited Liability Company** (Contract N6134022D1004)
*   **Fidelity Technologies Corporation** (Contract N6134022D1005)
*   **FlightSafety Defense Corporation** (Contract N6134022D1006)
*   **LB&B Associates, Incorporated** (Contract N6134022D1007)",gemini-flash-lite-latest,20251105-045210
https://sam.gov/workspace/contract/opp/bbb459c5726348fda8e970e2b2856543/view,bbb459c5726348fda8e970e2b2856543,36C24926Q0031 0001_2.pdf,pdf,bbb459c5726348fda8e970e2b2856543/36C24926Q0031 0001_2.pdf, Solicitation / RFP / RFQ,"**Detected Document Type:** Solicitation / RFP / RFQ

### Purpose & Scope:
This document is Solicitation No. 36C24926Q0031, issued by the Department of Veterans Affairs, Network Contracting Office 9. The requirement is for monthly inspection, testing, and maintenance services for portable fire extinguishers located at VAMC Memphis facilities and associated vehicles.

### Key Requirements:
*   **Scope of Work:** Monthly inspection, testing, and maintenance of portable fire extinguishers.
*   **Compliance Standards:** Must adhere strictly to the latest editions of NFPA 10 (Chapters 7 & 8), NFPA 96 (Chapter 11), and OSHA 1910.157(e)(2).
*   **Maintenance Details:** Includes thorough examination of mechanical parts, agent, and seals. Rechargeable extinguishers require tamper seal removal/reinstallation.
*   **Six-Year Maintenance:** Required for stored-pressure extinguishers, including agent removal via a halon closed recovery system.
*   **Hydrostatic Testing:** Must be performed by the contractor using their own facility and trained personnel, following OSHA/NFPA 10 standards (using water/non-compressible fluid, not air as the sole medium).
*   **Additional Services:** Quarterly hood cleaning for eleven (10) Ansul systems, requiring attachment of NFPA 96 stickers/plates.
*   **Reporting:** Submit detailed reports of all maintenance/servicing to the Contracting Officer’s Representative (COR). Must utilize the VAMC Memphis bar code system for inspection documentation.
*   **Security/Training:** Employees must complete mandatory VA Privacy Training (VA20939 TMS) before starting work and must wear ID above the waist when checking in daily.
*   **Hours of Operation:** Services are generally performed Monday–Thursday, 7:30 am – 3:30 pm. Contractor must schedule inspections with Fire Safety.

### Contract Details:
*   **Contract Type:** Acquisition is Unrestricted. The contract incorporates FAR 52.212-1 and 52.212-4.
*   **Period of Performance (Base POP):** November 1, 2025, through September 30, 2026.
*   **Place of Performance:** Lt. Col. Luke Weathers, Jr. VAMC, Memphis, TN.
*   **Invoicing:** Monthly, in arrears, submitted electronically via FSC e-Invoicing.

### Eligibility & Set-Aside:
*   **NAICS Code:** 811310 (Commercial and Industrial Machinery and Equipment (except Automotive and Electronic) Repair and Maintenance).
*   **Size Standard:** \$12.5 Million NET.
*   **Set-Aside:** Unrestricted.

### Submission & Evaluation:
*   **Evaluation Factors:** Price, Experience (relevancy, recency, magnitude, and VA campus experience), and Past Performance (CPARS, reference checks).
*   **Proposal Content:** Offers must be signed/dated, include solicitation number, technical description, pricing, and acknowledgment of amendments. Offerors must hold prices firm for **30 calendar days** from the receipt date.
*   **Subcontracting:** Prior written approval is required before engaging subcontractors that involve disclosing contract information or records.

### Important Dates:
*   **Deadline for Questions:** No later than 2:00 pm CT on October 24, 2025.
*   **Offer Due Date/Time:** 10:00 am CDT on October 29, 2025.
*   **Contact for Info/Submissions:** Elyse ""Nicole"" McVey at Elyse.McVey@va.gov.",gemini-flash-lite-latest,20251105-045210
https://sam.gov/workspace/contract/opp/b0ae192205034d9b904a4a6627d4a14b/view,b0ae192205034d9b904a4a6627d4a14b,FTSS V Lot 1 Awardees_POC List_4.15.2025.docx,docx,b0ae192205034d9b904a4a6627d4a14b/FTSS V Lot 1 Awardees_POC List_4.15.2025.docx,Forms / Attachments / Pricing Sheets,"Detected Document Type: Forms / Attachments / Pricing Sheets

### Document Type:
Attachment L-9: Government Furnished Information (GFI) Request and Non-Disclosure Agreement (NDA) for the Fielded Training Systems Support V (FTSS V) CNATRA Contractor Operation and Maintenance (COMS) solicitation (Solicitation: N6134026R0002).

### Purpose / Use:
This form is used by potential FTSS V contractors to formally request access to Government Furnished Information (GFI) necessary for assessments, solicitations, and contract performance related to the CNATRA COMS requirement. Submission of this form signifies the contractor's agreement to the terms of the NDA regarding the handling and disclosure limitations of the GFI.

### Key Data Fields or Instructions:
*   **Request Submission:** Must be signed by an individual authorized to bind the company to the agreement.
*   **Personnel Identification:** The request must list all personnel (including subcontractors) who will access the GFI, detailing their name, firm, position, citizenship, email, and phone number.
*   **GFI Access Authorization:** Personnel receiving electronically provided GFI must be authorized via the Joint Certification Program (JCP) website.
*   **Export Control Compliance:** Contractors must ensure compliance with ITAR/EAR and must have completed DD Form 2345 to receive GFI marked with export control restrictions. Only employees associated with the company’s CAGE code on the JCP site can receive such marked GFI.
*   **GFI Return/Destruction:** GFI must be returned or certified as destroyed within 10 business days of contract award, solicitation cancellation, or government request. Successful offerors must return/destroy GFI within 10 days of submitting the final material inspection and receiving report (per 252.246-7000).

### Relevance to Offerors:
This document is mandatory for any offeror requiring access to sensitive technical data, Performance Work Statements, or other documents listed in Section J of the main solicitation. Failure to complete and comply with this NDA will prevent access to necessary proposal information. The prime contractor is responsible for flowing down these NDA requirements to all subcontractors.",gemini-flash-lite-latest,20251105-045210
https://sam.gov/workspace/contract/opp/b0ae192205034d9b904a4a6627d4a14b/view,b0ae192205034d9b904a4a6627d4a14b,L-9_GFI Request and NDA Form_N6134026R0002_1.docx,docx,b0ae192205034d9b904a4a6627d4a14b/L-9_GFI Request and NDA Form_N6134026R0002_1.docx,,,gemini-flash-lite-latest,20251105-045210
https://sam.gov/workspace/contract/opp/b0ae192205034d9b904a4a6627d4a14b/view,b0ae192205034d9b904a4a6627d4a14b,L-9_GFI Request and NDA Form_N6134026R0002.docx,docx,b0ae192205034d9b904a4a6627d4a14b/L-9_GFI Request and NDA Form_N6134026R0002.docx,Forms / Attachments / Pricing Sheets,"Detected Document Type: Forms / Attachments / Pricing Sheets

**Document Type:** Government Furnished Information (GFI) Request and Non-Disclosure Agreement (NDA) Form (Attachment L-9) for the Fielded Training Systems Support V (FTSS V) CNATRA Contractor Operation and Maintenance (COMS) solicitation (N6134026R0002).

**Purpose / Use:**
This form is used by potential contractors to formally request access to Government Furnished Information (GFI) related to the FTSS V solicitation and to agree to the terms of the Non-Disclosure Agreement (NDA) governing the use and disclosure of that GFI.

**Key Data Fields or Instructions:**
*   **GFI Scope:** The GFI pertains to the CNATRA COMS solicitation and includes data, documentation, technical libraries, and Performance Work Statements listed in Section J of the solicitation.
*   **Dissemination Methods:** GFI may be provided via CD/shipping, external/internal USB drives, Government technical library, or DoD SAFE.
*   **Authorization:** The request must be signed by an individual authorized to bind the company to the agreement.
*   **Personnel Identification:** The request must list all personnel (including subcontractors) who will access the GFI, detailing their name, firm, position, citizenship, email, and phone number.
*   **Export Control Compliance:** Contractors must ensure compliance with ITAR/EAR and must have completed DD Form 2345 (Joint Certification Program) before receiving export control marked GFI. Only employees associated with the company's CAGE code on the JCP website can receive such marked GFI.
*   **Flow-Down Requirement:** The Prime Contractor must flow down the NDA terms to all subcontractors.

**Relevance to Offerors:**
Offerors must complete and sign this form, detailing authorized personnel, to receive sensitive GFI necessary for preparing their proposal or performing assessments. Failure to comply with the NDA terms, including the return or destruction of GFI upon contract award or cancellation, is strictly enforced.",gemini-flash-lite-latest,20251105-045210
https://sam.gov/workspace/contract/opp/be5b5e71c7484b44b862b27f955baa47/view,be5b5e71c7484b44b862b27f955baa47,QandA_W911KB26QA001.pdf,pdf,be5b5e71c7484b44b862b27f955baa47/QandA_W911KB26QA001.pdf,Questions & Answers / Clarifications,"Detected Document Type: Questions & Answers / Clarifications

**Purpose:**
This document provides official answers and clarifications to vendor questions regarding the ""CHENA LAKES MECHANIC SERVICES"" solicitation.

**Key Questions and Answers (summarized):**

*   **Profit on Materials:** Profit is explicitly **not allowed** on items billed as materials (parts, tools, supplies). All markups, including overhead, G&A, and profit, must be incorporated into the proposed fixed hourly rates.
*   **Cold Weather Warm-up Time:** The contract **allows for time needed** to prepare equipment for servicing, which includes time required to warm up equipment outside that cannot be moved into the heated maintenance shop.
*   **Number of Technicians:** The contract **does not limit the number of technicians** proposed, provided they meet the personnel qualifications specified in the solicitation.
*   **Technician Listing and Material Costs in Proposal:** Proposals **do not need to list all technicians**. However, certifications for crane and journeyman mechanics must be provided post-award during the pre-work meeting. Estimated costs for materials are **not required** for proposal submission.

**Major Clarifications or Changes:**
The clarification confirms that material markups are prohibited and that time spent warming up equipment in cold weather is permissible. It also streamlines proposal requirements by stating that detailed technician lists and material cost estimates are unnecessary at the proposal stage.

**Impact on Offerors:**
Offerors should ensure their proposed fixed hourly rates fully account for all overhead and profit. They should focus on demonstrating that their available mechanics meet the required qualifications, rather than listing every technician in the initial proposal.",gemini-flash-lite-latest,20251105-045210
https://sam.gov/workspace/contract/opp/be5b5e71c7484b44b862b27f955baa47/view,be5b5e71c7484b44b862b27f955baa47,Solicitation - W911KB26QA001_1.pdf,pdf,be5b5e71c7484b44b862b27f955baa47/Solicitation - W911KB26QA001_1.pdf,Solicitation / RFP / RFQ,"Detected Document Type: Solicitation / RFP / RFQ

**Purpose & Scope:**
This is a Request for Quotation (RFQ) issued under FAR Part 13 (Simplified Acquisition) for annual/regular servicing, occasional repairs, and troubleshooting for equipment at the Chena River Lakes Flood Control Project. The requirement is set aside 100% for Small Businesses.

**Key Requirements:**
*   **Scope of Work:** Servicing, repair, and troubleshooting for approximately 31 types of equipment, including heavy machinery, boats, generators, and trailers.
*   **Personnel Qualifications:** Mechanics must have a minimum of 2 years of experience. Specific certifications are required: ASE or equivalent for Heavy Equipment, MSF or equivalent for Smaller Equipment, and NCCCO or equivalent for Cranes.
*   **Residency Requirement:** Qualified equipment and crane mechanics must be Alaska residents.
*   **Safety Compliance:** Strict adherence to EM 385-1-1, specifically Sections 18.A.03, 16.B.02, and 16.B.03.
*   **Maintenance:** Annual maintenance (preferred November 1-30) includes oil changes, DOT inspections, and filter replacement.
*   **Repairs:** Repairs must be completed within 10 days or a new schedule must be approved.
*   **DOT Inspections:** Annual DOT inspections are required for the Kenworth Dump Truck and TWAMCO 25 Ton Trailer.

**Contract Details:**
*   **Contract Type:** Time and Materials (T&M).
*   **Ceiling Price:** Not-to-exceed **$80,000 per year**.
*   **Term:** One Base Year (estimated Nov 10, 2025 – Nov 09, 2026) plus two Option Years.
*   **Pricing Structure:** Labor is billed at burdened hourly rates; parts/materials are billed separately with paid receipts (no profit on materials). Fixed hourly rates must include all markups (overhead, G&A, profit).

**Eligibility & Set-Aside:**
*   **Set-Aside:** 100% Small Business Set-Aside.
*   **NAICS Code:** 811310.

**Submission & Evaluation:**
*   **Evaluation Criteria:** Award will be made to the lowest-priced technically acceptable offeror.
*   **Price Firmness:** Offerors must hold prices firm for **30 calendar days** from the offer receipt date.
*   **Work Authorization:** No work begins without written approval (Notice to Proceed) from the Contracting Officer’s Representative (COR) following review of the contractor's itemized cost estimate.
*   **Required Submissions:** Offers must include solicitation number, offeror details, technical description, price/discount, warranty terms, representations/certifications, and acknowledgment of amendments.

**Important Dates:**
*   **Issue Date:** October 29, 2025.
*   **Response Due Date:** November 06, 2025, 10:00 AM AKST.
*   **Funding Limitation:** Funds are unavailable beyond November 09, 2025, unless written notice of availability is received.

**Points of Contact:**
*   **Contracting Officer:** SFC Travis Tofi (travis.tofi@usace.army.mil).
*   **Technical POC:** Jessica Prince.",gemini-flash-lite-latest,20251105-045210
https://sam.gov/workspace/contract/opp/be5b5e71c7484b44b862b27f955baa47/view,be5b5e71c7484b44b862b27f955baa47,Solicitation - W911KB26QA001.pdf,pdf,be5b5e71c7484b44b862b27f955baa47/Solicitation - W911KB26QA001.pdf,Questions & Answers / Clarifications,"Detected Document Type: Questions & Answers / Clarifications

**Purpose:**
This document provides official answers and clarifications to vendor questions regarding the solicitation for Chena Lakes Mechanic Services.

**Key Questions and Answers (summarized):**

*   **Profit on Materials:** Profit is explicitly **not allowed** on items billed as materials (parts, tools, supplies). All markups, including overhead, G&A, and profit, must be incorporated into the proposed fixed hourly rates.
*   **Cold Weather Warm-up Time:** The contract **allows for time** needed to prepare equipment for servicing, which includes time required to warm up equipment outside that cannot be brought into the heated maintenance shop.
*   **Number of Technicians:** The contract **does not limit the number of technicians** proposed, provided they meet the personnel qualifications specified in the solicitation.
*   **Technician Listing and Material Costs in Proposal:** Proposals **do not need to list all technicians**. However, mechanics must meet SOW personnel requirements, and certifications for crane and journeyman mechanics must be provided post-award during the pre-work meeting. Estimated costs for materials are **not required** for proposal submission.

**Major Clarifications or Changes:**
The clarification confirms that proposals should focus on hourly rates and personnel qualifications, explicitly stating that estimated material costs are not required for submission.

**Impact on Offerors:**
Offerors should ensure their proposed fixed hourly rates account for all overhead and profit, as no markup is permitted on billed materials. They should focus proposal content on meeting personnel qualifications rather than listing every technician or estimating material costs.",gemini-flash-lite-latest,20251105-045210
https://sam.gov/workspace/contract/opp/5e99a5f40bc34380a59a482440ecd087/view,5e99a5f40bc34380a59a482440ecd087,0100000 C General Information.docx,docx,5e99a5f40bc34380a59a482440ecd087/0100000 C General Information.docx,,,gemini-flash-lite-latest,20251105-045210
https://sam.gov/workspace/contract/opp/be5b5e71c7484b44b862b27f955baa47/view,be5b5e71c7484b44b862b27f955baa47,QandA_W911KB26QA001_1.pdf,pdf,be5b5e71c7484b44b862b27f955baa47/QandA_W911KB26QA001_1.pdf,Questions & Answers / Clarifications,"Detected Document Type: Questions & Answers / Clarifications

This document appears to be a consolidated summary of the solicitation requirements and subsequent Q&A/clarifications for the Chena Mechanic Equipment Services RFQ (W911KB26QA001).

### Key Solicitation Details (RFQ Summary)

*   **Solicitation Number:** W911KB26QA001
*   **Type:** Request for Quotation (RFQ) under FAR Part 13 (Simplified Acquisition).
*   **Requirement:** Annual servicing, occasional repairs, and troubleshooting for 31 types of equipment at the Chena River Lakes Flood Control Project.
*   **Location of Performance:** Project Office, 3800 Laurance Road, North Pole, Alaska.
*   **Set-Aside:** 100% Small Business Set-Aside.
*   **Contract Term:** Base Year (Nov 10, 2025 – Nov 09, 2026) plus two Option Years.
*   **Pricing/Value:** Time and Materials (T&M) contract, **not-to-exceed $80,000 per year**. Labor is billed at burdened hourly rates; parts are reimbursed at actual cost (no profit on materials).
*   **Response Due Date:** November 06, 2025, 10:00 AM AKST.

### Major Requirements and Qualifications

*   **Personnel Experience:** Minimum 2 years of experience required for all mechanic types.
*   **Certifications:** Specific certifications required: Heavy Equipment (ASE or equivalent), Smaller Equipment (MSF or equivalent), and Cranes (NCCCO or equivalent).
*   **Residency Requirement:** Qualified equipment/crane mechanics **must be Alaska residents**.
*   **Safety Compliance:** Strict adherence to EM 385-1-1, specifically Sections 18.A.03, 16.B.02, and 16.B.03.
*   **Annual Maintenance:** Preferred period is November 1-30.
*   **Repair Turnaround:** Repairs must be completed within 10 days or a new schedule must be approved.

### Key Clarifications and Evaluation Factors

*   **Evaluation Basis:** Award will be made to the lowest-priced technically acceptable offeror. The Government may award on initial offers without discussions.
*   **Pricing Structure:** Fixed hourly rates must include all markups (overhead, G&A, profit).
*   **Ceiling Price Notification:** Contractor must notify the Contracting Officer (CO) if costs are expected to exceed 85% of the ceiling price within the next 30 days, providing a revised estimate.
*   **Work Approval:** No work begins without written Contracting Officer's Representative (COR) approval of the quote/scope.
*   **Option Extension:** The Option to Extend Services (FAR 52.217-8) allows for up to 6 months of extension. The total contract duration cannot exceed 3 years and 6 months.
*   **Offer Submission:** Prices must be held firm for **30 calendar days** from the offer receipt date.
*   **Site Visit:** Offerors are strongly urged to inspect the site; failure to inspect is not grounds for a post-award claim.

### Major FAR Clauses Incorporated

The contract incorporates numerous FAR clauses by reference, including:
*   52.219-6 (Total Small Business Set-Aside) and 52.219-14 (Limitations on Subcontracting).
*   52.213-3 (Notice to Supplier) and 52.246-4 (Inspection of Services-Fixed-Price) are incorporated in full text.
*   Clauses related to Buy American, Trade Agreements, and Service Contract Labor Standards compliance are applicable.",gemini-flash-lite-latest,20251105-045210
https://sam.gov/workspace/contract/opp/2e1d76f5e7e347a298c4f1b1636af4a6/view,2e1d76f5e7e347a298c4f1b1636af4a6,RFLP Developer Question Responses_4 Nov 2025_2.docx,docx,2e1d76f5e7e347a298c4f1b1636af4a6/RFLP Developer Question Responses_4 Nov 2025_2.docx,,,gemini-flash-lite-latest,20251105-045210
https://sam.gov/workspace/contract/opp/5e99a5f40bc34380a59a482440ecd087/view,5e99a5f40bc34380a59a482440ecd087,0100000 C General Information_1.docx,docx,5e99a5f40bc34380a59a482440ecd087/0100000 C General Information_1.docx,Statement of Work (SOW) / Performance Work Statement (PWS),"Detected Document Type: Statement of Work (SOW) / Performance Work Statement (PWS)

**Objective:**
The Contractor shall furnish all labor, supervision, management, tools, materials, equipment, facilities, transportation, and incidental engineering necessary to provide services outlined in the Performance Work Statement (PWS) at Naval Submarine Base New London and outlying supported areas. The contract will consist of both Recurring Work and Non-Recurring Work Items.

**Tasks / Deliverables:**
The PWS is organized into 18 annexes:
*   **Annex 1 (0100000):** General Information (This document).
*   **Annex 2:** Management and Administration requirements.
*   **Annexes 3 through 18:** Contain technical requirements.
    *   Annexes 3 through 14, 16, 17, and 18 are listed as N/A in this section.
    *   **Annex 15:** Facilities Support (Relevant).

**Schedule or Period of Performance:**
Not specified in this section.

**Place of Performance:**
Naval Submarine Base New London and outlying areas supported by this installation.

**Special Requirements:**
*   **Acquisition of Additional Work:** The Government reserves the right to acquire additional services at additional locations within the scope of the annexes, incorporated via the CHANGES clause or non-recurring work provisions.
*   **Contractor Knowledge:** The Navy expects insightful management, encouraging contractors to use resources to find better ways to serve strategic and operational goals, exercising discretion to adjust processes to reach specified objectives.
*   **Technical Proposal Certification:** The Contractor warrants that its proposal (approaches, staffing, methodology) will meet all performance objectives and standards set forth in the contract, bearing all associated cost and performance risk.
*   **Workload Verification:** Offerors are urged to inspect the site to satisfy themselves regarding local conditions affecting contract performance costs. All facilities, systems, and assets must be accepted by the Contractor in ""AS-IS"" condition.
*   **PBSA Approach:** The Navy's Performance-Based Service Acquisition (PBSA) approach includes performance outcomes, measurable standards, consideration of incentives, and a performance assessment plan.
*   **Related Information Types:** The PWS uses Informational Notes (not contractually binding), Clarifying Information, Constraining Information, and Requirement Information.",gemini-flash-lite-latest,20251105-045210
https://sam.gov/workspace/contract/opp/2e1d76f5e7e347a298c4f1b1636af4a6/view,2e1d76f5e7e347a298c4f1b1636af4a6,Appendix B-4 - Depiction of the Properties - JBMDL_1.pdf,pdf,2e1d76f5e7e347a298c4f1b1636af4a6/Appendix B-4 - Depiction of the Properties - JBMDL_1.pdf,Solicitation / RFP / RFQ,"Detected Document Type: Solicitation / RFP / RFQ

**Purpose & Scope:**
This document, Appendix B-4 of the Final Request for Lease Proposal (RFLP) for the Artificial Intelligence (AI) Data Centers Lease Opportunity at Joint Base McGuire-Dix-Lakehurst (JB MDL), provides a description of the available parcels intended for potential development under the Enhanced Use Lease (EUL) program. It supports interested parties in reviewing the opportunity.

**Key Requirements:**
*   The document itself is descriptive, detailing the physical characteristics of the available land.
*   Offerors are strongly encouraged to review all available information in the project data room for parcel maps, technical exhibits, and supporting materials necessary for proposal development.
*   Certain sections (Zoning, Easements and Encumbrances) were not available at the time of RFLP release.

**Contract Details:**
*   The opportunity is related to a Lease Proposal under the Enhanced Use Lease (EUL) program.
*   No specific contract type, estimated value, or period of performance is detailed in this appendix.

**Eligibility & Set-Aside:**
*   Not specified in this appendix.

**Submission & Evaluation:**
*   Proposal development should utilize information found in the data room, accessible by emailing Chris Johnson at chris.johnson@jll.com.

**Important Dates:**
*   Document Date: 10/21/2025.
*   No proposal due dates or award timelines are provided in this appendix.

### Land Availability Summary (JB MDL)

JB MDL offers three separate sites for development:

| Site | Location Description | Approximate Acres | Existing Improvements | Utility Access | Security/Patrol |
| :--- | :--- | :--- | :--- | :--- | :--- |
| **Site 1** | Off County Route 539 | 73 | None | No functional utilities | Outside cantonment, minimally patrolled |
| **Site 2** | Off State Route 70 | 120 | None | No functional utilities | Outside cantonment, minimally patrolled |
| **Site 3** | Burlington County, Straddling Wrightstown and Bew Hanover Township | 60 | Semi-improved | Access to low voltage power, water, and sewer | Within cantonment, patrolled |

**Development Considerations:**

*   **Environmental:** Site 1 has significant historic/cultural resource impacts and potential T&E/wetlands buffers. Site 2 has potential T&E. Site 3 has minor historic/cultural impacts and some wetlands (<10%).
*   **Site 1 Note:** Located outside the former BOMAC site; if developed, the BOMAC area must be cleaned and cleared at the developer’s expense.
*   **Jurisdiction:** Legislative jurisdiction for all sites is Exclusive Federal.",gemini-flash-lite-latest,20251105-045210
https://sam.gov/workspace/contract/opp/2e1d76f5e7e347a298c4f1b1636af4a6/view,2e1d76f5e7e347a298c4f1b1636af4a6,RFLP Developer Question Responses_4 Nov 2025.docx,docx,2e1d76f5e7e347a298c4f1b1636af4a6/RFLP Developer Question Responses_4 Nov 2025.docx,Questions & Answers / Clarifications,"Detected Document Type: Questions & Answers / Clarifications

**Purpose:**
This document provides official responses from the Government to questions submitted by interested parties regarding the Request for Lease Proposal (RFLP).

**Key Questions and Answers (Summarized):**

*   **Power Configuration:** Modular power configurations (e.g., 2x50MW systems) collectively exceeding 100MW are acceptable for meeting the minimum requirement.
*   **Behind-the-Meter (BTM) Generation:** BTM solutions that enhance resilience will receive evaluation consideration, subject to state/market energy regulations. Hybrid models combining BTM and grid-tied PPAs are also acceptable.
*   **Backup Power Evaluation:** Proposals offering backup power plans for grid outages will be evaluated favorably under Subfactor 1.2 (Project Development).
*   **Infrastructure Upgrades/Cost-Sharing:** Offerors must perform due diligence for utility interconnection upgrades; the Government does not intend to provide cost-sharing or assistance.
*   **Lease Consideration (Cash vs. In-Kind):** The RFLP explicitly requires consideration to be paid in cash; the Government does not request in-kind consideration.
*   **Lease Term Adjustments:** The lease can be up to 50 years, and parties may negotiate changes via amendment during the term.
*   **Fair Market Value (FMV) Determination:** FMV will be determined by contracting for an appraisal using MAI-designated appraisers, employing standard approaches (sales comparison, cost, income).
*   **Profit-Sharing Calculation:** The term ""profit-sharing"" is not explicitly defined in the RFLP. Offerors can propose base rent, participation rent, or a combination. The Government intends to share in proceeds from any transfer or sale of the Project(s), with specific terms to be negotiated.
*   **End User Coordination:** The Government will not assist in coordinating with potential end users or provide introductions; responses must demonstrate a viable commercial (non-Federal government) need.
*   **Available Parcels:** The Government will only consider the parcels explicitly offered in the RFLP.

**Major Clarifications or Changes:**
This document clarifies that modular power generation is acceptable, hybrid power models are permitted, and the Government will not provide cost-sharing for utility interconnection infrastructure. It also confirms that lease consideration must be cash, not in-kind.

**Impact on Offerors:**
Offerors should incorporate modular designs if necessary, factor in the full cost of utility upgrades, and ensure their proposal demonstrates a viable commercial market need, as the Government will not facilitate end-user coordination. Proposals should detail how participation rent will be calculated if proposed.",gemini-flash-lite-latest,20251105-045210
https://sam.gov/workspace/contract/opp/2e1d76f5e7e347a298c4f1b1636af4a6/view,2e1d76f5e7e347a298c4f1b1636af4a6,RFLP Developer Question Responses_4 Nov 2025_1.docx,docx,2e1d76f5e7e347a298c4f1b1636af4a6/RFLP Developer Question Responses_4 Nov 2025_1.docx,,,gemini-flash-lite-latest,20251105-045210
https://sam.gov/workspace/contract/opp/2e1d76f5e7e347a298c4f1b1636af4a6/view,2e1d76f5e7e347a298c4f1b1636af4a6,AI Data Center RFLP_10 15 25_final_1.pdf,pdf,2e1d76f5e7e347a298c4f1b1636af4a6/AI Data Center RFLP_10 15 25_final_1.pdf,Solicitation / RFP / RFQ,"Detected Document Type: Solicitation / RFP / RFQ

**Purpose & Scope:**
This document, Appendix B-4 of the Final Request for Lease Proposal (RFLP), provides a description of the land parcels available at Joint Base McGuire-Dix-Lakehurst (JB MDL) for potential development under the Enhanced Use Lease (EUL) program, specifically for an Artificial Intelligence (AI) Data Center Lease Opportunity.

**Key Requirements:**
*   The document outlines site characteristics, infrastructure availability, and development considerations for three distinct parcels.
*   Offerors are strongly encouraged to review the project data room for the most current data, including parcel maps and technical exhibits, by emailing Chris Johnson at chris.johnson@jll.com.
*   Certain sections (Zoning, Easements and Encumbrances) were not available at the time of release.

**Contract Details:**
*   This document supports a Request for Lease Proposal (RFLP) under the Enhanced Use Lease (EUL) program. Specific contract type, value, or period of performance are not detailed in this appendix.

**Eligibility & Set-Aside:**
*   No specific business category restrictions are mentioned in this appendix.

**Submission & Evaluation:**
*   This appendix provides site details intended to aid in proposal development and evaluation. Specific submission instructions or evaluation factors are not contained within this document.

**Important Dates:**
*   The document is dated 10/21/2025. No proposal due dates or award timelines are provided in this appendix.

**Land Available for Development:**
The Air Force Civil Engineer Center (AFCEC) is offering three separate sites at JB MDL:

| Site | Location Description | Approximate Acres | Existing Improvements | Utility Access | Security/Patrol |
| :--- | :--- | :--- | :--- | :--- | :--- |
| **Site 1** | Off County Route 539 | 73 | None | No functional utilities | Outside cantonment, minimally patrolled |
| **Site 2** | Off State Route 70 | 120 | None | No functional utilities | Outside cantonment, minimally patrolled |
| **Site 3** | Burlington County (Straddling Wrightstown and New Hanover Township) | 60 | Semi-improved | Access to low voltage power, water, and sewer | Within cantonment, patrolled |

**Development Considerations:**
*   **Environmental:** Site 1 has significant historic/cultural resource impacts and potential T&E (Threatened & Endangered species) issues. Site 3 has minor historic/cultural impacts and some wetlands (<10%).
*   **Site 1 Specific:** Located outside the former BOMAC site, which is fenced off. If the BOMAC site is developed, the developer must clean and clear it at their own expense.
*   **Jurisdiction:** Legislative jurisdiction for all sites is Exclusive Federal.",gemini-flash-lite-latest,20251105-045210
https://sam.gov/workspace/contract/opp/2e1d76f5e7e347a298c4f1b1636af4a6/view,2e1d76f5e7e347a298c4f1b1636af4a6,AI Data Center RFLP_10 15 25_final.pdf,pdf,2e1d76f5e7e347a298c4f1b1636af4a6/AI Data Center RFLP_10 15 25_final.pdf,,,gemini-flash-lite-latest,20251105-045210
https://sam.gov/workspace/contract/opp/2e1d76f5e7e347a298c4f1b1636af4a6/view,2e1d76f5e7e347a298c4f1b1636af4a6,Appendix B-4 - Depiction of the Properties - JBMDL.pdf,pdf,2e1d76f5e7e347a298c4f1b1636af4a6/Appendix B-4 - Depiction of the Properties - JBMDL.pdf,,,gemini-flash-lite-latest,20251105-045210
https://sam.gov/workspace/contract/opp/2e1d76f5e7e347a298c4f1b1636af4a6/view,2e1d76f5e7e347a298c4f1b1636af4a6,Appendix B-4 - Depiction of the Properties - JBMDL_2.pdf,pdf,2e1d76f5e7e347a298c4f1b1636af4a6/Appendix B-4 - Depiction of the Properties - JBMDL_2.pdf,Solicitation / RFP / RFQ,"Detected Document Type: Solicitation / RFP / RFQ

This document provides details regarding the properties available under **Request for Lease Proposal (RFLP) No. AFCEC-26-R-0002** for Multiple Installations / AI Data Center Development, issued by the United States Department of the Air Force, Air Force Civil Engineer Center (AFCEC). This specific appendix (B-4) details the properties available at **Joint Base McGuire-Dix-Lakehurst (JBMDL), NJ**.

### Project Goal & Governing Authority
*   **Project Goal:** Lease underutilized parcels for private commercial Artificial Intelligence (AI) Data Center use, requiring $>100$ MW of new load and $\geq \$500$ Million in capital expenditures (per EO 14318).
*   **Governing Authority:** Authorized under 10 U.S.C. § 2667 and Executive Orders 14179 and 14318.
*   **Consideration:** DAF seeks monetary consideration $\geq$ Fair Market Value (FMV), paid entirely in cash. If onsite power is proposed, DAF requires first right of refusal on power generation.

### JBMDL Property Details (Appendix B-4)
Two sites are available at JBMDL, which is the DoD's only tri-service installation:
*   **Site A (CR 539):** Approximately 73 acres.
*   **Site B (SR 70):** Approximately 120 acres.
*   **Condition:** No existing improvements or functional utilities serve either site.
*   **Jurisdiction:** Both Sites A and B are under **Exclusive Federal Jurisdiction**.
*   **Potential Impacts:** Site A has potential T&E (Threatened and Endangered species) and cultural/wetlands impacts, plus an AT&T underground communication line easement. Site B has potential T&E impacts.

### Key Requirements and Constraints
*   **Use Restriction:** Use is strictly limited to upgrading/operating an AI Data Center ($>100$ MW). No lodging or resort development is permitted.
*   **Utilities:** Lessee must secure all utilities, including sufficient water resources for the duration of the lease.
*   **Environmental:** Lessee is responsible for preparing and funding a new Environmental Baseline Survey (EBS) and completing NEPA compliance (EA or EIS) prior to lease execution. Potential T&E and cultural impacts must be addressed.
*   **Security:** Development must adhere to Anti-Terrorism and Force Protection (ATFP) standards (e.g., UFC 4-010-01).
*   **Restoration:** Upon termination, Lessee must demolish/remove improvements and restore the property via a dedicated demolition reserve account.

### Submission and Evaluation
*   **Selection Basis:** Best Value Selection, evaluating four factors: Project Description, Return to Government, Organization/Experience/Capability, and Integrated Project Plan/Schedule. Factors 1 & 2 are equally important and *more* important than Factors 3 & 4 (which are also equally important).
*   **Proposal Deadline:** No later than 5:00 P.M. CT on **14 November 2025**. Submissions must be electronic.
*   **Transaction Costs:** Lessee must pay the Government's direct transaction costs, estimated not to exceed **\$250,000.00**, in cash at lease execution.
*   **Conflict of Interest:** Offerors must certify no conflict with RESS/PRESS contractors; if selected, the Lessee cannot contract with them for this Project for ten (10) years.

### Important Dates
*   **Proposal Due Date:** 14 November 2025.
*   **Intent to Submit:** Email intent to David.Mairs@us.af.mil (cc: afcec.eul@us.af.mil) within 10 days of RFLP release.
*   **Inquiries (POI):** Must be submitted in writing via Appendix H form by midnight on the 10th calendar day after RFLP posting.",gemini-flash-lite-latest,20251105-045210
https://sam.gov/workspace/contract/opp/2e1d76f5e7e347a298c4f1b1636af4a6/view,2e1d76f5e7e347a298c4f1b1636af4a6,AI Data Center RFLP_10 15 25_final_2.pdf,pdf,2e1d76f5e7e347a298c4f1b1636af4a6/AI Data Center RFLP_10 15 25_final_2.pdf,Solicitation / RFP / RFQ,"Detected Document Type: Solicitation / RFP / RFQ

## Request for Lease Proposal (RFLP) Summary: AI Data Center Development

This document is the final Request for Lease Proposal (RFLP) No. **AFCEC-26-R-0002** issued by the United States Department of the Air Force, Air Force Civil Engineer Center (AFCEC), seeking proposals to lease underutilized parcels at specified military installations for private commercial Artificial Intelligence (AI) Data Center use.

### Purpose & Scope
The primary goal is to facilitate the rapid development of AI Data Centers on federal land, consistent with Executive Orders promoting AI infrastructure buildout. The project must qualify under EO 14318 criteria, requiring **>100 MW of new electrical load** and **at least \$500M in capital expenditures**.

**Locations (Installations) Available:**
*   Arnold AFB, TN
*   Davis-Monthan AFB, AZ
*   Edwards AFB, CA
*   Joint Base McGuire-Dix-Lakehurst (JBMDL), NJ
*   Robins AFB, GA

### Key Requirements & Constraints
*   **Use Restriction:** Use is strictly limited to upgrading/operating AI Data Centers requiring over 100 MW. No lodging or resort development is permitted.
*   **Property Condition:** Leased ""AS-IS/WHERE-IS"" without warranties. Offerors must conduct independent due diligence.
*   **Environmental Compliance:** Offeror is responsible for preparing and funding a new Environmental Baseline Survey (EBS) and completing NEPA compliance (EA or EIS) prior to lease execution. Specific environmental concerns noted at various sites include desert tortoise habitat (Edwards AFB) and potential lead contamination (Robins AFB Skeet Range).
*   **Security & Disqualification:** Offerors posing security/welfare threats or having significant interest from terrorist countries may be disqualified. IT/data systems must meet US government security standards.
*   **Conflict of Interest:** Offerors must certify no conflict with RESS/PRESS contractors. If selected, the Lessee is precluded from contracting with these firms for project work for **ten (10) years**.

### Contract Details
*   **Governing Authority:** Authorized under 10 U.S.C. § 2667 and relevant Executive Orders.
*   **Lease Term:** Maximum 50 years, unless a longer term is justified as promoting national defense/Government interest.
*   **Consideration:** Must be $\ge$ Fair Market Value (FMV) and paid entirely in cash. If onsite power is proposed, DAF requires first right of refusal on power generation.
*   **Transaction Costs:** Lessee must pay the Government's direct transaction costs, estimated not to exceed **\$250,000.00**, in cash at lease execution (separate from rent).
*   **Restoration:** Lessee must fund a demolition reserve account and restore the property to original condition upon termination.

### Submission & Evaluation
*   **Selection Basis:** Best Value Selection, evaluated in two phases. Phase I evaluates four factors; Phase II involves lease negotiations with selected offerors.
*   **Evaluation Factors (Weighted):**
    1.  Project Description (Market/Feasibility & Development/Management Plan)
    2.  Return to Government (Rental Consideration & Financial Pro Forma) - *Factors 1 & 2 are equally important and more important than 3 & 4.*
    3.  Organization/Experience/Capability (Management, Technical, Financial Plans)
    4.  Integrated Project Plan/Schedule
*   **Minimum Evaluation Requirements (MERs):** Offerors must detail at least three completed AI data center projects (>100 MW contracted power developed in the last 3 years) and provide evidence of financial strength/financing.
*   **Required Conceptual Plans:** Must include site plans, utility interconnection plans (including backup power for 35MW load), water management, and noise/light mitigation plans.

### Important Dates
*   **Intent to Submit:** Email intent within 10 days of RFLP release.
*   **Proposal Due Date:** No later than **5:00 P.M. CT on 14 November 2025**. Hard copies will be rejected.
*   **Q&A Deadline (POI):** Inquiries must be submitted in writing by midnight on the 10th calendar day after RFLP posting.

### Proposal Submission Instructions
*   **Format:** Collective documents $\le$ 10MB. Narrative/exhibits limited to **40 total pages** (single-sided, 8.5x11, standard font in Word and/or $\le$ 10MB PDF).
*   **Exclusions from Page Limit:** Drawings, cost estimates, mandatory clauses (Appendix D), legal documents, resumes, financials, and pro formas do not count toward the 40-page limit.
*   **Required Documents:** Must include a signed Offeror’s Cover Page (Appendix F) and acknowledge compliance with Mandatory Clauses (Appendix D).
*   **Data Room Access:** Request current data, maps, and exhibits by emailing David.Mairs@us.af.mil (cc: afcec.eul@us.af.mil) and Chris.Johnson@jll.com.",gemini-flash-lite-latest,20251105-045210
